<?xml version="1.0" encoding="UTF-8"?>
<project-private xmlns="http://www.netbeans.org/ns/project-private/1">
    <editor-bookmarks xmlns="http://www.netbeans.org/ns/editor-bookmarks/2" lastBookmarkId="1"/>
    <open-files xmlns="http://www.netbeans.org/ns/projectui-open-files/2">
        <group>
            <file>file:/C:/Users/Hendy/Documents/NetBeansProjects/tp1_33474_29787/src/tp1_33474_29787/FunRace.java</file>
            <file>file:/C:/Users/Hendy/Documents/NetBeansProjects/tp1_33474_29787/src/tp1_33474_29787/Comparable.java</file>
            <file>file:/C:/Users/Hendy/Documents/NetBeansProjects/tp1_33474_29787/src/tp1_33474_29787/Atleta.java</file>
            <file>file:/C:/Users/Hendy/Documents/NetBeansProjects/tp1_33474_29787/src/tp1_33474_29787/Maratona.java</file>
            <file>file:/C:/Users/Hendy/Documents/NetBeansProjects/tp1_33474_29787/src/tp1_33474_29787/Tp1_33474_29787.java</file>
            <file>file:/C:/Users/Hendy/Documents/NetBeansProjects/tp1_33474_29787/src/tp1_33474_29787/FamilyRace.java</file>
            <file>file:/C:/Users/Hendy/Documents/NetBeansProjects/tp1_33474_29787/src/tp1_33474_29787/MaratonaDoPorto.java</file>
            <file>file:/C:/Users/Hendy/Documents/NetBeansProjects/tp1_33474_29787/src/tp1_33474_29787/Corrida.java</file>
        </group>
    </open-files>
</project-private>
